{
  "last_snapshot": 92,
  "last_data": {
    "uft_median": 60288
  },
  "count": 92,
  "last_spot": 64400.985,
  "last_fr": 0.00970771202344,
  "last_ls": 0,
  "last_oi": 3.091,
  "hard_triggers": [
    "OI\u8df3\u52d5+373\u5f35\uff083.05\u21923.09\u842c\uff09"
  ],
  "last_trigger_ts": "2026-07-20T14:34:39.491142+00:00",
  "fr_armed": {
    "-0.01": true,
    "-0.005": true,
    "0.0": true,
    "0.005": true,
    "0.01": true
  },
  "t_forced_fired": {
    "10JUL26": [
      1
    ],
    "17JUL26": [
      1
    ]
  }
}