{
  "last_snapshot": 103,
  "last_data": {
    "uft_median": 60288
  },
  "count": 103,
  "last_spot": 64946.695,
  "last_fr": 0.0034844970349800003,
  "last_ls": 0,
  "last_oi": 3.137,
  "hard_triggers": [],
  "last_trigger_ts": "2026-07-24T09:35:47.952872+00:00",
  "fr_armed": {
    "-0.01": true,
    "-0.005": true,
    "0.0": true,
    "0.005": false,
    "0.01": true
  },
  "t_forced_fired": {
    "10JUL26": [
      1
    ],
    "17JUL26": [
      1
    ],
    "24JUL26": [
      1
    ]
  }
}