{
  "last_snapshot": 90,
  "last_data": {
    "uft_median": 60288
  },
  "count": 90,
  "last_spot": 64498.275,
  "last_fr": 0.009376232334219999,
  "last_ls": 0,
  "last_oi": 3.1185,
  "hard_triggers": [
    "OI\u8df3\u52d5+334\u5f35\uff083.15\u21923.12\u842c\uff09"
  ],
  "last_trigger_ts": "2026-07-20T04:54:28.866763+00:00",
  "fr_armed": {
    "-0.01": true,
    "-0.005": true,
    "0.0": true,
    "0.005": true,
    "0.01": true
  },
  "t_forced_fired": {
    "10JUL26": [
      1
    ],
    "17JUL26": [
      1
    ]
  }
}