{
  "last_snapshot": 82,
  "last_data": {
    "uft_median": 60288
  },
  "count": 82,
  "last_spot": 64548.295,
  "last_fr": 0.00667902332902,
  "last_ls": 0,
  "last_oi": 3.0747,
  "hard_triggers": [
    "OI\u8df3\u52d5+339\u5f35\uff083.04\u21923.07\u842c\uff09"
  ],
  "last_trigger_ts": "2026-07-16T14:25:33.178957+00:00",
  "fr_armed": {
    "-0.01": true,
    "-0.005": true,
    "0.0": true,
    "0.005": true,
    "0.01": true
  },
  "t_forced_fired": {
    "10JUL26": [
      1
    ],
    "17JUL26": [
      1
    ]
  }
}