{
  "last_snapshot": 102,
  "last_data": {
    "uft_median": 60288
  },
  "count": 102,
  "last_spot": 65119.805,
  "last_fr": 0.00898310125861,
  "last_ls": 0,
  "last_oi": 3.0822,
  "hard_triggers": [],
  "last_trigger_ts": "2026-07-23T20:31:46.308971+00:00",
  "fr_armed": {
    "-0.01": true,
    "-0.005": true,
    "0.0": true,
    "0.005": true,
    "0.01": true
  },
  "t_forced_fired": {
    "10JUL26": [
      1
    ],
    "17JUL26": [
      1
    ],
    "24JUL26": [
      1
    ]
  }
}