{
  "last_snapshot": 81,
  "last_data": {
    "uft_median": 60288
  },
  "count": 81,
  "last_spot": 63979.685,
  "last_fr": 0.0070778067379900006,
  "last_ls": 0,
  "last_oi": 3.0408,
  "hard_triggers": [
    "Spot\u79fb\u52d5-652\uff08>619=0.5\u03c3\uff09",
    "OI\u8df3\u52d5+379\u5f35\uff083.08\u21923.04\u842c\uff09"
  ],
  "last_trigger_ts": "2026-07-16T09:30:15.952383+00:00",
  "fr_armed": {
    "-0.01": true,
    "-0.005": true,
    "0.0": true,
    "0.005": true,
    "0.01": true
  },
  "t_forced_fired": {
    "10JUL26": [
      1
    ],
    "17JUL26": [
      1
    ]
  }
}