{
  "last_snapshot": 74,
  "last_data": {
    "uft_median": 60288
  },
  "count": 74,
  "last_spot": 63774.405,
  "last_fr": 0.007026745964090001,
  "last_ls": 0,
  "last_oi": 3.1761,
  "hard_triggers": [
    "Spot\u79fb\u52d5+1,156\uff08>1,092=0.5\u03c3\uff09"
  ],
  "last_trigger_ts": "2026-07-14T14:15:31.255777+00:00",
  "fr_armed": {
    "-0.01": true,
    "-0.005": true,
    "0.0": true,
    "0.005": true,
    "0.01": true
  },
  "t_forced_fired": {
    "10JUL26": [
      1
    ]
  }
}