{
  "last_snapshot": 82,
  "last_data": {
    "uft_median": 60288
  },
  "count": 82,
  "last_spot": 64153.495,
  "last_fr": 0.0062109638983,
  "last_ls": 0,
  "last_oi": 3.0661,
  "hard_triggers": [],
  "last_trigger_ts": "2026-07-16T20:13:01.565316+00:00",
  "fr_armed": {
    "-0.01": true,
    "-0.005": true,
    "0.0": true,
    "0.005": true,
    "0.01": true
  },
  "t_forced_fired": {
    "10JUL26": [
      1
    ],
    "17JUL26": [
      1
    ]
  }
}