{
  "last_snapshot": 71,
  "last_data": {
    "uft_median": 60288
  },
  "count": 71,
  "last_spot": 62954.495,
  "last_fr": 0.007405615868890001,
  "last_ls": 0,
  "last_oi": 3.1105,
  "hard_triggers": [],
  "last_trigger_ts": "2026-07-13T11:30:36.835459+00:00",
  "fr_armed": {
    "-0.01": true,
    "-0.005": true,
    "0.0": true,
    "0.005": true,
    "0.01": true
  },
  "t_forced_fired": {
    "10JUL26": [
      1
    ]
  }
}