{
  "last_snapshot": 89,
  "last_data": {
    "uft_median": 60288
  },
  "count": 89,
  "last_spot": 64574.685,
  "last_fr": 0.009211182204560001,
  "last_ls": 0,
  "last_oi": 3.1453,
  "hard_triggers": [
    "FR\u7a7f\u8d8a+0.005%\uff08+0.00134\u2192+0.00921\uff09"
  ],
  "last_trigger_ts": "2026-07-19T09:18:26.580182+00:00",
  "fr_armed": {
    "-0.01": true,
    "-0.005": true,
    "0.0": true,
    "0.005": false,
    "0.01": true
  },
  "t_forced_fired": {
    "10JUL26": [
      1
    ],
    "17JUL26": [
      1
    ]
  }
}