{
  "last_snapshot": 75,
  "last_data": {
    "uft_median": 60288
  },
  "count": 75,
  "last_spot": 64410.915,
  "last_fr": 0.00556324186918,
  "last_ls": 0,
  "last_oi": 3.0643,
  "hard_triggers": [
    "OI\u8df3\u52d5+1,118\u5f35\uff083.18\u21923.06\u842c\uff09"
  ],
  "last_trigger_ts": "2026-07-14T20:32:36.066014+00:00",
  "fr_armed": {
    "-0.01": true,
    "-0.005": true,
    "0.0": true,
    "0.005": true,
    "0.01": true
  },
  "t_forced_fired": {
    "10JUL26": [
      1
    ]
  }
}