{
  "last_snapshot": 83,
  "last_data": {
    "uft_median": 60288
  },
  "count": 83,
  "last_spot": 63560.485,
  "last_fr": 0.00842178908568,
  "last_ls": 0,
  "last_oi": 3.044,
  "hard_triggers": [
    "Spot\u79fb\u52d5-593\uff08>583=0.5\u03c3\uff09"
  ],
  "last_trigger_ts": "2026-07-17T03:43:38.725572+00:00",
  "fr_armed": {
    "-0.01": true,
    "-0.005": true,
    "0.0": true,
    "0.005": true,
    "0.01": true
  },
  "t_forced_fired": {
    "10JUL26": [
      1
    ],
    "17JUL26": [
      1
    ]
  }
}