{
  "last_snapshot": 99,
  "last_data": {
    "uft_median": 60288
  },
  "count": 99,
  "last_spot": 65909.105,
  "last_fr": -0.00254028139435,
  "last_ls": 0,
  "last_oi": 3.0363,
  "hard_triggers": [
    "FR\u7a7f\u8d8a+0.000%\uff08+0.00763\u2192-0.00254\uff09",
    "FR\u7a7f\u8d8a+0.005%\uff08+0.00763\u2192-0.00254\uff09",
    "OI\u8df3\u52d5+372\u5f35\uff083.07\u21923.04\u842c\uff09"
  ],
  "last_trigger_ts": "2026-07-22T20:32:53.070237+00:00",
  "fr_armed": {
    "-0.01": true,
    "-0.005": true,
    "0.0": false,
    "0.005": false,
    "0.01": true
  },
  "t_forced_fired": {
    "10JUL26": [
      1
    ],
    "17JUL26": [
      1
    ]
  }
}