{
  "last_snapshot": 63,
  "last_data": {
    "uft_median": 60288
  },
  "count": 63,
  "last_spot": 62929.42,
  "last_fr": 0.00378192873587,
  "last_ls": 0,
  "last_oi": 3.0357,
  "hard_triggers": [],
  "last_trigger_ts": "2026-07-09T14:07:22.197795+00:00",
  "fr_armed": {
    "-0.01": true,
    "-0.005": true,
    "0.0": true,
    "0.005": false,
    "0.01": true
  },
  "t_forced_fired": {
    "10JUL26": [
      1
    ]
  }
}