{
  "last_snapshot": 96,
  "last_data": {
    "uft_median": 60288
  },
  "count": 96,
  "last_spot": 66403.985,
  "last_fr": 0.00832376572832,
  "last_ls": 0,
  "last_oi": 3.2528,
  "hard_triggers": [
    "FR\u7a7f\u8d8a+0.005%\uff08-0.00182\u2192+0.00832\uff09"
  ],
  "last_trigger_ts": "2026-07-21T20:37:23.200675+00:00",
  "fr_armed": {
    "-0.01": true,
    "-0.005": true,
    "0.0": true,
    "0.005": false,
    "0.01": true
  },
  "t_forced_fired": {
    "10JUL26": [
      1
    ],
    "17JUL26": [
      1
    ]
  }
}