{
  "last_snapshot": 91,
  "last_data": {
    "uft_median": 60288
  },
  "count": 91,
  "last_spot": 64226.975,
  "last_fr": 0.00749979303959,
  "last_ls": 0,
  "last_oi": 3.0537,
  "hard_triggers": [
    "OI\u8df3\u52d5+648\u5f35\uff083.12\u21923.05\u842c\uff09"
  ],
  "last_trigger_ts": "2026-07-20T08:19:05.225584+00:00",
  "fr_armed": {
    "-0.01": true,
    "-0.005": true,
    "0.0": true,
    "0.005": true,
    "0.01": true
  },
  "t_forced_fired": {
    "10JUL26": [
      1
    ],
    "17JUL26": [
      1
    ]
  }
}