{
  "last_snapshot": 87,
  "last_data": {
    "uft_median": 60288
  },
  "count": 87,
  "last_spot": 64445.565,
  "last_fr": 0.00336909006539,
  "last_ls": 0,
  "last_oi": 3.0793,
  "hard_triggers": [],
  "last_trigger_ts": "2026-07-18T18:43:43.605001+00:00",
  "fr_armed": {
    "-0.01": true,
    "-0.005": true,
    "0.0": true,
    "0.005": false,
    "0.01": true
  },
  "t_forced_fired": {
    "10JUL26": [
      1
    ],
    "17JUL26": [
      1
    ]
  }
}