{
  "last_snapshot": 98,
  "last_data": {
    "uft_median": 60288
  },
  "count": 98,
  "last_spot": 65613.445,
  "last_fr": 0.0076312997072300005,
  "last_ls": 0,
  "last_oi": 3.0735,
  "hard_triggers": [
    "OI\u8df3\u52d5+960\u5f35\uff083.17\u21923.07\u842c\uff09"
  ],
  "last_trigger_ts": "2026-07-22T14:24:48.230059+00:00",
  "fr_armed": {
    "-0.01": true,
    "-0.005": true,
    "0.0": true,
    "0.005": true,
    "0.01": true
  },
  "t_forced_fired": {
    "10JUL26": [
      1
    ],
    "17JUL26": [
      1
    ]
  }
}