{
  "last_snapshot": 93,
  "last_data": {
    "uft_median": 60288
  },
  "count": 93,
  "last_spot": 65443.645,
  "last_fr": 0.00303182905879,
  "last_ls": 0,
  "last_oi": 3.1059,
  "hard_triggers": [],
  "last_trigger_ts": "2026-07-21T03:48:15.780814+00:00",
  "fr_armed": {
    "-0.01": true,
    "-0.005": true,
    "0.0": true,
    "0.005": false,
    "0.01": true
  },
  "t_forced_fired": {
    "10JUL26": [
      1
    ],
    "17JUL26": [
      1
    ]
  }
}