{
  "last_snapshot": 101,
  "last_data": {
    "uft_median": 60288
  },
  "count": 101,
  "last_spot": 65678.985,
  "last_fr": 7.550183313999999e-05,
  "last_ls": 0,
  "last_oi": 3.1104,
  "hard_triggers": [
    "OI\u8df3\u52d5+565\u5f35\uff083.05\u21923.11\u842c\uff09"
  ],
  "last_trigger_ts": "2026-07-23T09:38:18.133777+00:00",
  "fr_armed": {
    "-0.01": true,
    "-0.005": true,
    "0.0": true,
    "0.005": true,
    "0.01": true
  },
  "t_forced_fired": {
    "10JUL26": [
      1
    ],
    "17JUL26": [
      1
    ],
    "24JUL26": [
      1
    ]
  }
}