{
  "last_snapshot": 88,
  "last_data": {
    "uft_median": 60288
  },
  "count": 88,
  "last_spot": 64668.245,
  "last_fr": -0.0009503503455399999,
  "last_ls": 0,
  "last_oi": 3.1068,
  "hard_triggers": [
    "FR\u7a7f\u8d8a+0.000%\uff08+0.00337\u2192-0.00095\uff09"
  ],
  "last_trigger_ts": "2026-07-18T21:07:25.465771+00:00",
  "fr_armed": {
    "-0.01": true,
    "-0.005": true,
    "0.0": false,
    "0.005": true,
    "0.01": true
  },
  "t_forced_fired": {
    "10JUL26": [
      1
    ],
    "17JUL26": [
      1
    ]
  }
}