{
  "last_snapshot": 70,
  "last_data": {
    "uft_median": 60288
  },
  "count": 70,
  "last_spot": 64135.885,
  "last_fr": 0.00522421822692,
  "last_ls": 0,
  "last_oi": 3.0916,
  "hard_triggers": [],
  "last_trigger_ts": "2026-07-12T15:17:59.270978+00:00",
  "fr_armed": {
    "-0.01": true,
    "-0.005": true,
    "0.0": true,
    "0.005": false,
    "0.01": true
  },
  "t_forced_fired": {
    "10JUL26": [
      1
    ]
  }
}