{
  "last_snapshot": 86,
  "last_data": {
    "uft_median": 60288
  },
  "count": 86,
  "last_spot": 63895.995,
  "last_fr": 0.00571090419922,
  "last_ls": 0,
  "last_oi": 3.0893,
  "hard_triggers": [],
  "last_trigger_ts": "2026-07-18T03:36:14.030111+00:00",
  "fr_armed": {
    "-0.01": true,
    "-0.005": true,
    "0.0": true,
    "0.005": false,
    "0.01": true
  },
  "t_forced_fired": {
    "10JUL26": [
      1
    ],
    "17JUL26": [
      1
    ]
  }
}