{
  "last_snapshot": 86,
  "last_data": {
    "uft_median": 60288
  },
  "count": 86,
  "last_spot": 63943.895,
  "last_fr": 0.00251324224471,
  "last_ls": 0,
  "last_oi": 3.0837,
  "hard_triggers": [],
  "last_trigger_ts": "2026-07-18T09:00:08.202991+00:00",
  "fr_armed": {
    "-0.01": true,
    "-0.005": true,
    "0.0": true,
    "0.005": true,
    "0.01": true
  },
  "t_forced_fired": {
    "10JUL26": [
      1
    ],
    "17JUL26": [
      1
    ]
  }
}