{
  "last_snapshot": 67,
  "last_data": {
    "uft_median": 60288
  },
  "count": 67,
  "last_spot": 64123.255,
  "last_fr": 0.00141277362935,
  "last_ls": 0,
  "last_oi": 3.0529,
  "hard_triggers": [
    "FR\u7a7f\u8d8a+0.005%\uff08+0.01000\u2192+0.00141\uff09"
  ],
  "last_trigger_ts": "2026-07-11T03:45:32.638758+00:00",
  "fr_armed": {
    "-0.01": true,
    "-0.005": true,
    "0.0": true,
    "0.005": false,
    "0.01": true
  },
  "t_forced_fired": {
    "10JUL26": [
      1
    ]
  }
}