{
  "last_snapshot": 63,
  "last_data": {
    "uft_median": 60288
  },
  "count": 63,
  "last_spot": 62739.435,
  "last_fr": 0.00350011338438,
  "last_ls": 0,
  "last_oi": 3.0159,
  "hard_triggers": [
    "OI\u8df3\u52d5+684\u5f35\uff083.08\u21923.02\u842c\uff09"
  ],
  "last_trigger_ts": "2026-07-09T13:43:00.626533+00:00",
  "fr_armed": {
    "-0.01": true,
    "-0.005": true,
    "0.0": true,
    "0.005": false,
    "0.01": true
  },
  "t_forced_fired": {
    "10JUL26": [
      1
    ]
  }
}