{
  "last_snapshot": 71,
  "last_data": {
    "uft_median": 60288
  },
  "count": 71,
  "last_spot": 62717.965,
  "last_fr": 0.006504001026630001,
  "last_ls": 0,
  "last_oi": 3.1161,
  "hard_triggers": [
    "Spot\u79fb\u52d5-1,437\uff08>1,207=0.5\u03c3\uff09",
    "OI\u8df3\u52d5+355\u5f35\uff083.08\u21923.12\u842c\uff09"
  ],
  "last_trigger_ts": "2026-07-13T04:04:34.164002+00:00",
  "fr_armed": {
    "-0.01": true,
    "-0.005": true,
    "0.0": true,
    "0.005": false,
    "0.01": true
  },
  "t_forced_fired": {
    "10JUL26": [
      1
    ]
  }
}