{
  "last_snapshot": 69,
  "last_data": {
    "uft_median": 60288
  },
  "count": 69,
  "last_spot": 64388.855,
  "last_fr": 0.01,
  "last_ls": 0,
  "last_oi": 3.102,
  "hard_triggers": [
    "FR\u7a7f\u8d8a+0.010%\uff08+0.00858\u2192+0.01000\uff09"
  ],
  "last_trigger_ts": "2026-07-11T15:18:01.967145+00:00",
  "fr_armed": {
    "-0.01": true,
    "-0.005": true,
    "0.0": true,
    "0.005": true,
    "0.01": false
  },
  "t_forced_fired": {
    "10JUL26": [
      1
    ]
  }
}