{
  "last_snapshot": 97,
  "last_data": {
    "uft_median": 60288
  },
  "count": 97,
  "last_spot": 65831.485,
  "last_fr": 0.00666118638546,
  "last_ls": 0,
  "last_oi": 3.1695,
  "hard_triggers": [],
  "last_trigger_ts": "2026-07-22T09:40:02.447206+00:00",
  "fr_armed": {
    "-0.01": true,
    "-0.005": true,
    "0.0": true,
    "0.005": true,
    "0.01": true
  },
  "t_forced_fired": {
    "10JUL26": [
      1
    ],
    "17JUL26": [
      1
    ]
  }
}