{
  "last_snapshot": 88,
  "last_data": {
    "uft_median": 60288
  },
  "count": 88,
  "last_spot": 64655.545,
  "last_fr": 0.00134181646419,
  "last_ls": 0,
  "last_oi": 3.1245,
  "hard_triggers": [],
  "last_trigger_ts": "2026-07-19T03:59:16.087697+00:00",
  "fr_armed": {
    "-0.01": true,
    "-0.005": true,
    "0.0": false,
    "0.005": true,
    "0.01": true
  },
  "t_forced_fired": {
    "10JUL26": [
      1
    ],
    "17JUL26": [
      1
    ]
  }
}