{
  "last_snapshot": 94,
  "last_data": {
    "uft_median": 60288
  },
  "count": 94,
  "last_spot": 66248.745,
  "last_fr": 0.00531770190716,
  "last_ls": 0,
  "last_oi": 3.1772,
  "hard_triggers": [
    "OI\u8df3\u52d5+713\u5f35\uff083.11\u21923.18\u842c\uff09"
  ],
  "last_trigger_ts": "2026-07-21T09:41:45.628176+00:00",
  "fr_armed": {
    "-0.01": true,
    "-0.005": true,
    "0.0": true,
    "0.005": false,
    "0.01": true
  },
  "t_forced_fired": {
    "10JUL26": [
      1
    ],
    "17JUL26": [
      1
    ]
  }
}